{
  "0": {
    "min_deg": 90.4634,
    "max_deg": 95.1666
  },
  "1": {
    "min_deg": 247.76,
    "max_deg": 252.51
  },
  "2": {
    "min_deg": 23.2796,
    "max_deg": 94.1524
  },
  "3": {
    "min_deg": 57.48,
    "max_deg": 79.28
  },
  "4": {
    "min_deg": 98.85759999999999,
    "max_deg": 153.616
  },
  "5": {
    "min_deg": 156.1134,
    "max_deg": 176.5924
  },
  "6": {
    "min_deg": 42.913399999999996,
    "max_deg": 55.78660000000001
  }
}