{
    "deg_0": {
        "min": 80.95,
        "max": 94.92
    },
    "deg_1": {
        "min": 248.12,
        "max": 252.51
    },
    "deg_2": {
        "min": 21.62,
        "max": 105.21
    },
    "deg_3": {
        "min": 41.66,
        "max": 79.19
    },
    "deg_4": {
        "min": 95.27,
        "max": 150.12
    },
    "deg_5": {
        "min": 156.18,
        "max": 176.57
    },
    "deg_6": {
        "min": 42.98,
        "max": 63.19
    },
    "act_angle_0": {
        "min": -15.298804780876493,
        "max": -14.701195219123504
    },
    "act_angle_1": {
        "min": 33.88235294117647,
        "max": 46.0
    },
    "act_angle_2": {
        "min": 47.16928251121076,
        "max": 47.931614349775785
    },
    "act_angle_3": {
        "min": 5.176470588235294,
        "max": 8.23529411764706
    },
    "act_angle_4": {
        "min": -165.96610169491527,
        "max": -165.66101694915255
    },
    "act_angle_5": {
        "min": -93.23979591836734,
        "max": -92.19897959183672
    },
    "act_angle_6": {
        "min": -43.285714285714285,
        "max": 17.0
    },
    "act_angle_7": {
        "min": -27.67058823529412,
        "max": -17.83529411764706
    },
    "act_angle_8": {
        "min": 50.15932041321339,
        "max": 84.90698546746451
    },
    "act_angle_9": {
        "min": -124.69321851453176,
        "max": -124.2626480086114
    },
    "act_angle_10": {
        "min": -304.06113537117903,
        "max": -303.93013100436684
    },
    "act_angle_11": {
        "min": 6.0,
        "max": 279.75
    },
    "act_angle_12": {
        "min": -190.770202020202,
        "max": -105.82070707070709
    },
    "act_angle_13": {
        "min": -34.030769230769224,
        "max": 34.55384615384615
    },
    "act_angle_14": {
        "min": 0.5625,
        "max": 0.625
    },
    "act_angle_15": {
        "min": 59.86666666666667,
        "max": 60.133333333333326
    }
}