{
    "0": {
        "min_deg": 81.83,
        "max_deg": 99.14,
        "span": 17.310000000000002
    },
    "1": {
        "min_deg": 0.0,
        "max_deg": 359.3,
        "span": 359.3
    },
    "2": {
        "min_deg": 0.44,
        "max_deg": 359.74,
        "span": 359.3
    },
    "3": {
        "min_deg": 4.57,
        "max_deg": 355.96,
        "span": 351.39
    },
    "4": {
        "min_deg": 103.62,
        "max_deg": 225.44,
        "span": 121.82
    },
    "5": {
        "min_deg": 99.84,
        "max_deg": 168.57,
        "span": 68.72999999999999
    },
    "6": {
        "min_deg": 26.89,
        "max_deg": 100.28,
        "span": 73.39
    }
}