{
    "0": {
        "min_deg": 77.08,
        "max_deg": 93.34,
        "span": 16.260000000000005
    },
    "1": {
        "min_deg": 40.87,
        "max_deg": 329.85,
        "span": 288.98
    },
    "2": {
        "min_deg": 20.21,
        "max_deg": 113.2,
        "span": 92.99000000000001
    },
    "3": {
        "min_deg": 2.11,
        "max_deg": 350.95,
        "span": 348.84
    },
    "4": {
        "min_deg": 106.87,
        "max_deg": 217.62,
        "span": 110.75
    },
    "5": {
        "min_deg": 101.16,
        "max_deg": 168.75,
        "span": 67.59
    },
    "6": {
        "min_deg": 25.58,
        "max_deg": 53.17,
        "span": 27.590000000000003
    }
}