{
    "0": {
        "min_deg": 79.37,
        "max_deg": 94.66,
        "span": 15.289999999999992
    },
    "1": {
        "min_deg": 20.92,
        "max_deg": 235.2,
        "span": 214.27999999999997
    },
    "2": {
        "min_deg": 1.49,
        "max_deg": 359.91,
        "span": 358.42
    },
    "3": {
        "min_deg": 5.45,
        "max_deg": 356.22,
        "span": 350.77000000000004
    },
    "4": {
        "min_deg": 101.07,
        "max_deg": 223.42,
        "span": 122.35
    },
    "5": {
        "min_deg": 93.6,
        "max_deg": 171.12,
        "span": 77.52000000000001
    },
    "6": {
        "min_deg": 13.89,
        "max_deg": 73.65,
        "span": 59.760000000000005
    }
}