{
    "0": {
        "min_deg": 75.41,
        "max_deg": 92.02,
        "span": 16.61
    },
    "1": {
        "min_deg": 248.99,
        "max_deg": 277.47,
        "span": 28.480000000000018
    },
    "2": {
        "min_deg": 0.35,
        "max_deg": 117.69,
        "span": 117.34
    },
    "3": {
        "min_deg": 44.65,
        "max_deg": 44.74,
        "span": 0.09000000000000341
    }
}