{
    "0": {
        "min_deg": 104.85,
        "max_deg": 129.46,
        "span": 24.610000000000014
    },
    "1": {
        "min_deg": 58.27,
        "max_deg": 233.17,
        "span": 174.89999999999998
    },
    "2": {
        "min_deg": 10.28,
        "max_deg": 112.85,
        "span": 102.57
    },
    "3": {
        "min_deg": 0.0,
        "max_deg": 359.91,
        "span": 359.91
    },
    "4": {
        "min_deg": 102.3,
        "max_deg": 232.56,
        "span": 130.26
    },
    "5": {
        "min_deg": 359.91,
        "max_deg": 359.91,
        "span": 0.0
    },
    "6": {
        "min_deg": 23.12,
        "max_deg": 67.15,
        "span": 44.03
    }
}