{
    "0": {
        "min_deg": 77.87,
        "max_deg": 92.29,
        "span": 14.420000000000002
    },
    "1": {
        "min_deg": 16.96,
        "max_deg": 237.3,
        "span": 220.34
    },
    "2": {
        "min_deg": 25.66,
        "max_deg": 112.68,
        "span": 87.02000000000001
    },
    "3": {
        "min_deg": 0.88,
        "max_deg": 351.04,
        "span": 350.16
    },
    "4": {
        "min_deg": 105.03,
        "max_deg": 228.52,
        "span": 123.49000000000001
    },
    "5": {
        "min_deg": 98.88,
        "max_deg": 168.75,
        "span": 69.87
    },
    "6": {
        "min_deg": 25.05,
        "max_deg": 56.51,
        "span": 31.459999999999997
    }
}